actor_id,actor_name,id
6388,"Abkarian, Simon",1
6897,"Aboutboul, Alon",2
8462,"Abtahi, Omid",3
16644,"Adig羹zel, Naci",4
17039,"Adkins, Scott",5
18760,"Affleck, Ben",6
28535,"Akhtar, Adeel",7
33799,"Albasiny, John",8
42958,"Ali, Mahershala",9
44858,"Allam, Roger",10
51737,"Alouf, Elie",11
53309,"Altin, Josef",12
54808,"Alvarez, Frank",13
58673,"Ambudkar, Utkarsh",14
76481,"Ansari, Aziz",15
86167,"Arce, Daven",16
90596,"Arkin, Alan",17
91681,"Armitage, Richard",18
99450,"Asano, Tadanobu",19
99763,"Ascencio, Nelson",20
102174,"Ashworth, Mark",21
104312,"Astin, Skylar",22
108592,"Aucamp, Armand",23
123626,"Badreya, Sayed",24
133185,"Bala, Hari Mina",25
133228,"Balaban, Bob",26
135422,"Bale, Christian",27
139113,"Balzerini, Brian",28
147795,"Bardem, Javier",29
148953,"Barillas, Christian",30
151751,"Barnes, Milton",31
153131,"Baron Cohen, Sacha",32
153935,"Barr, John",33
154108,"Barra, Michael",34
161916,"Basham, Peter",35
165123,"Bates, Aclan",36
178708,"Beckwith, Andy",37
185286,"Bell, John",38
188932,"Belur, Gautam",39
196792,"Bent, Stephen",40
197239,"Bentley, Wes",41
211324,"Bettany, Paul",42
212576,"Bewley, Charlie",43
218891,"Biggs, Jason",44
225429,"Bishop, Stephen",45
230734,"Blades, Rub矇n",46
237128,"Blitzer, Wolf",47
249978,"Bonar, Ian",48
266847,"Boutsikaris, Dennis",49
270871,"Boyd, Dwayne",50
273100,"Bozkurt, Cengiz",51
281681,"Braun, Nicholas",52
285404,"Brennan, Frank",53
292520,"Brittain, Paul",54
293174,"Broadbent, Jim",55
295268,"Brolin, Josh",56
298045,"Brophy, Jed",57
299563,"Brown Jr., Kenneth",58
299698,"Brown, Adam",59
303102,"Brown, Jonathan Daniel",60
312256,"Bryant, Lucas",61
315522,"Buckhurst, Bill",62
324436,"Burjaq, Tamer",63
324635,"Burke, Billy",64
330951,"Buscemi, Steve",65
340840,"Cabassa, Carter",66
341529,"Cabral, Richard",67
344972,"Caine, Michael",68
349043,"Callen, John",69
353035,"Camp, Bill",70
353531,"Campbell Bower, Jamie",71
353982,"Campbell, Christopher",72
355385,"Campbell, Rob H.",73
356427,"Campora, Liam",74
364855,"Carbonell, Nestor",75
367955,"Carleton, Clint",76
371640,"Carolla, Adam",77
380115,"Caruso, Mark J.",78
382908,"Casey, Dillon",79
399212,"Chabat, Alain",80
402735,"Chambers, Rick",81
405570,"Chandler, Kyle",82
410518,"Charles, Max",83
419610,"Chernus, Michael",84
427111,"Cho, John",85
429292,"Chorba, Phillip",86
430902,"Chrest, Joe",87
431331,"Christensen, Allan Wibor",88
433015,"Christie, Warren",89
433552,"Christopher, Dennis",90
436243,"Church, Thomas Haden",91
440602,"Citron, Rocky",92
441243,"Claflin, Sam",93
445466,"Clarke, Jason",94
448825,"Clement, Jemaine",95
453441,"Cobden, Joe",96
454350,"Cochrane, Rory",97
464113,"Collins, Adrian",98
467542,"Colter, Mike",99
467660,"Coltrane, Robbie",100
469491,"Compte, Maurice",101
472726,"Connolly, Billy",102
479515,"Cooper, Alice",103
479662,"Cooper, Bradley",104
480777,"Cooper, Oliver",105
481487,"Cope, Jason",106
486467,"Cornwall, Cavin",107
488102,"Corrigan, Kevin",108
495439,"Courtney, Jai",109
496228,"Couture, Randy",110
499367,"Coyle, Joe",111
500514,"Craig, Daniel",112
502126,"Cranston, Bryan",113
503915,"Cree, Steven",114
505316,"Crews, Terry",115
508675,"Crosby, Douglas",116
509228,"Cross, Joseph",117
510233,"Crow, John",118
510367,"Crowder, Lateef",119
510546,"Crowe, Russell",120
511461,"Cruise, Tom",121
515022,"Cudmore, Daniel",122
516264,"Cullen, Brett",123
518673,"Cunningham, Liam",124
518755,"Cunningham, Neil Brooks",125
525298,"D'Addario, Michael Hall",126
526540,"D'Arcy, James",127
530308,"Dafoe, Willem",128
539131,"Daniels, Jeff",129
540593,"Dano, Paul",130
546636,"Davenport, Dane",131
547088,"Davey-Fitzpatrick, Seamus",132
547763,"David, Keith",133
552015,"Davis, DeRay",134
558059,"Day-Lewis, Daniel",135
565155,"de Ledebur, Patrick",136
567375,"De Niro, Robert",137
577908,"DeHaan, Dane",138
580191,"Del Rio, David",139
589100,"Denham, Christopher",140
589478,"Denisof, Alexis",141
591625,"Depardieu, G矇rard",142
591926,"Depp, Johnny",143
598006,"Devine, Adam",144
600138,"DeZarn, Tim",145
602721,"Di Stefano, Andrea",146
606032,"DiCaprio, Leonardo",147
608918,"Dieterich, Bob",148
610666,"Dillahunt, Garret",149
610682,"Dillane, Richard",150
611657,"DiMaggio, John",151
613609,"Dinklage, Peter",152
617347,"Dixon, Richard",153
621150,"Dodov, Nikola",154
626327,"Donaghey, Branwell",155
629383,"Donovan, Tate",156
629824,"Dooley, Shaun",157
636699,"Downey Jr., Robert",158
637980,"Doyle, Patrick",159
638439,"Drabble, Freddy",160
639214,Drake,161
639471,"Drake, Matt",162
660095,"Duvall, Robert",163
672149,"Edwards, Adam C.",164
675171,"Egas, Ean",165
681558,"Elba, Idris",166
685187,"Elliot, Lance",167
685599,"Elliott, Emun",168
688358,"Elouahabi, Nabil",169
689867,"Embree, James",170
694284,"Engstrup, Daniel",171
704866,"Essandoh, Ato",172
708924,"Evans, Chris",173
712263,"Evors, Rob",174
713299,"Eyez, Jon",175
715207,"Facci, John",176
715371,"Facinelli, Peter",177
722062,"Fares, Fares",178
724603,"Farrell, Colin",179
726025,"Fassbender, Michael",180
735612,"Ferguson, Craig",181
740045,"Ferrara, Jerry",182
744906,"Field, Alfie",183
745950,"Fiennes, Ralph",184
746445,"Figlarz, Alain",185
750954,"Finney, Albert",186
756967,"FitzSimons, Jaime",187
757841,"Flame, Dax",188
766361,"Fogelstr繪m, Lasse",189
766677,"Fok, Kenneth",190
767120,"Foley, L.J.",191
769255,"Fontenot, Clay Donahue",192
779204,"Fox, Daniel",193
780337,"Foxx, Jamie",194
783246,"Franco, Dave",195
786226,"Frantz, Chandler",196
790474,"Freeman, Martin",197
790533,"Freeman, Morgan",198
793522,"Fricchione, Jason",199
797586,"Frost, Nick",200
804020,"Furdik, Vladimir 'Furdo'",201
805746,"Fyfe, Robert",202
808440,"Gad, Josh",203
808879,"Gadson, Gregory D.",204
810006,"Gagnon, Pierce",205
810558,"Gainer, Alice",206
820276,"Gantvoort, Leif",207
821239,"Garber, Victor",208
827919,"Gardner, Pete",209
828393,"Garfield, Andrew",210
829334,"Garman, Ralph",211
830618,"Garrett, Henry",212
838704,"Gazi, Akin",213
840580,"Gehrman, Christopher",214
844304,"George, Brian",215
845763,"Geraghty, Brian",216
849746,"Ghadami, Davood",217
859620,"Gillen, Aidan",218
861143,"Gilman, Jared",219
868629,"Gleeson, Brendan",220
868632,"Gleeson, Brian",221
868717,"Gleib, Ben",222
869192,"Glenn, Scott",223
872848,"Godley, Adam",224
874206,"Goggins, Walton",225
880371,"Gomez, Nick",226
887503,"Goodman, John",227
891094,"Gordon-Levitt, Joseph",228
891939,"Gorman, Burn",229
893051,"Gosling, Ryan",230
902567,"Grant, Hugh",231
908312,"Green, CeeLo",232
912627,"Greenwood, Bruce",233
913299,"Gregg, Clark",234
916459,"Grier, Warrick",235
916492,"Gries, Jon",236
919135,"Grillo, Frank",237
919567,"Grimes, Luke",238
931215,"Guida, Tony",239
932668,"Guimer獺, Jorge",240
933395,"Guiyab, Leo",241
933690,"Guldbrand Jensen, Steen Ordell",242
935784,"Gunton, Bob",243
942102,"Gyasi, David",244
942238,"Gyllenhaal, Jake",245
946899,"Haberfield, Ethan",246
948660,"Hader, Bill",247
949114,"Hadlow, Mark",248
950472,"Hagen-Traberg, ",249
954917,"Haley, Jackie Earle",250
960694,"Hambleton, Peter",251
960997,"Hamdouchi, Aymen",252
962662,"Hamilton, Nicolai Dahl",253
966997,"Handley, Misha",254
968196,"Hanks, Tom",255
973504,"Harbour, David",256
975636,"Hardy, Tom",257
978026,"Harnell, Jess",258
979517,"Harrelson, Woody",259
979882,"Harrington, Jay",260
981577,"Harris, Jared",261
981834,"Harris, Johnny",262
982993,"Harris, Sean",263
983440,"Harris, Wood",264
992264,"Haston, Thirl",265
996282,"Hawke, Ethan",266
996399,"Hawkes, John",267
997245,"Hawley, Dave",268
1000844,"Haysbert, Dennis",269
1005243,"Hedges, Lucas",270
1010853,"Helman, Josh",271
1012171,"Hemsworth, Chris",272
1012174,"Hemsworth, Liam",273
1012351,"Hender, Brady",274
1015787,"Henriksen, Bjarne",275
1018592,"Herbert, Daren A.",276
1020168,"Herman, Paul",277
1026634,"Herzog, Werner",278
1027473,"Hester, Marcus",279
1028909,"Heyerdahl, Christopher",280
1031165,"Hiddleston, Tom",281
1032123,"Higgins, John Michael",282
1034970,"Hill, Jonah",283
1038021,"Hinds, Ciar獺n",284
1040186,"Hires, Justin",285
1041864,"Hittinger, Charles",286
1050156,"Holbrook, Hal",287
1052169,"Holland, Tom",288
1054051,"Holm, Ian",289
1054572,"Holmes, Adrian",290
1060993,"Hope, William",291
1066127,"Hoskins, Bob",292
1071463,"Howell, C. Thomas",293
1086573,"Hunter, Stephen",294
1086863,"Huntley, Noah",295
1089000,"Hussain, Adil",296
1089711,"Huston, Danny",297
1089956,"Hutcherson, Josh",298
1090956,"Huttlestone, Daniel",299
1094225,"H矇bert, James Landry",300
1097228,Ice Cube,301
1098447,"Ifans, Rhys",302
1110431,"Isfeld, Justin",303
1114312,"Ivanek, Zeljko",304
1118350,"Jackman, Figs",305
1118358,"Jackman, Hugh",306
1121422,"Jackson, Samuel L.",307
1122714,"Jacobs, George",308
1129038,"James, Daniel",309
1129971,"James, Kevin",310
1143104,"Jenkins, Richard",311
1146567,"Jerrod, Pope",312
1149340,"Jimenez, Dante",313
1153378,"Johansson, Douglas",314
1157470,"Johnson, Don",315
1158550,"Johnson, Jake",316
1165651,"Jones, Adam",317
1171720,"Jones, Sam J.",318
1172311,"Jones, Toby",319
1172396,"Jones, Tommy Lee",320
1174512,"Jordan, Michael B.",321
1177253,"Joslin, Samuel",322
1181174,"Julian, Nick",323
1184616,"Jutakeo, Vorarat",324
1186620,"K., Mohammad",325
1197126,"Kandel, J.J.",326
1197820,"Kane, Tommy",327
1201170,"Kapoor, Ravi",328
1202285,"Karahan, Hakan",329
1204161,"Karim, Alexander",330
1206688,"Karthik, T.M.",331
1209687,"Kateb, Reda",332
1215195,"Kaye, Ivan",333
1216447,"Keach, Stacy",334
1217600,"Kebbell, Toby",335
1219663,"Keiffer, Jake",336
1220663,"Kelamis, Peter",337
1223697,"Kelly, James Martin",338
1224234,"Kelly, Michael",339
1227367,"Kennard, Sam",340
1230144,"Kente, Edmund",341
1236109,"Khaleeli, Mohd. Abbas",342
1236919,"Khan, Ayaan",343
1237281,"Khan, Irrfan",344
1239460,"Kher, Anupam",345
1243718,"Kilgore, Charlie",346
1248713,"Kind, Richard",347
1249182,"King Jr., Woodie",348
1251324,"King, Nicholas",349
1252491,"Kingsley, Ben",350
1252933,"Kinnaman, Joel",351
1253021,"Kinnear, Rory",352
1254685,"Kircher, William",353
1258668,"Kitsch, Taylor",354
1260500,"Klathaley, Tor",355
1260864,"Klebba, Martin",356
1261282,"Klein, Chris",357
1261603,"Klein, Joey",358
1292038,"Kranz, Fran",359
1299838,"Kruszewski, Tom",360
1310505,"Kussman, Dylan",361
1311514,"Kuyucu, Ergun",362
1318021,"LaBeouf, Shia",363
1326996,"LaMarche, Maurice",364
1330130,"Lan, Desmond Lai",365
1336721,"Lant, Sam",366
1337572,"Lapeyrouse, Brett",367
1341371,"Larsen, Thomas Bo",368
1347755,"Lautner, Taylor",369
1350483,"Lawrence, Everton",370
1351972,"Lawton, Anthony",371
1355780,"Leader, Howard",372
1356638,"Leary, Denis",373
1357121,"Lebar, John",374
1360703,"Lee, Brody Nicholas",375
1361001,"Lee, Christopher",376
1365821,"Lee, Will Yun",377
1368645,"Leguizamo, John",378
1374426,"Lenk, Tom",379
1374500,"Lennarson, Nels",380
1378606,"Lerman, Logan",381
1384784,"Levy, Eugene",382
1390427,"Li, Jet",383
1402351,"Linklater, Hamish",384
1411095,"Lo Truglio, Joe",385
1416672,"Lombardi, Louis",386
1424732,"Lormand, Judd",387
1429075,"Lovitz, Jon",388
1430950,"Loyd-Holmes, Ben",389
1439516,"Lundgren, Dolph",390
1439937,"Lundy, Escalante",391
1442416,"Lutz, Kellan",392
1446313,"Lyster, Patrick",393
1451960,"Macazaga, Asier",394
1453130,"MacDonald, Stephen",395
1453864,"MacFarlane, Seth",396
1456865,"Mackenzie, Peter",397
1458602,"MacNicol, Peter",398
1473567,"Malcolm, Rudi",399
1474611,"Malherbe, Pierre",400
1475225,"Malikyan, Kevork",401
1481696,"Mandvi, Aasif",402
1483687,"Manji, Rizwan",403
1483922,"Manley, Bretton",404
1484894,"Mann, Thomas",405
1494823,"Marhyar, Ali",406
1502921,"Marsan, Eddie",407
1505040,"Marshall-Green, Logan",408
1506956,"Martin, Cayen",409
1531269,"Mattice, Thomas",410
1542079,"McBrayer, Jack",411
1546594,"McClinton, Rico",412
1547376,"McComas, Tom",413
1548058,"McCorkle, Kevin",414
1550798,"McDade, Patrick",415
1551305,"McDermott, Dylan",416
1555378,"McGarry, Chris",417
1556296,"McGill, Bruce",418
1556857,"McGiver, Boris",419
1557497,"McGowan, James",420
1557887,"McGrath, Gulliver",421
1558359,"McGregor, Ewan",422
1559230,"McGuire, Victor",423
1559398,"McHale, Joel",424
1561844,"McKellen, Ian",425
1563052,"McKidd, Kevin",426
1563654,"McKinnon, Bruce",427
1564222,"McLafferty, Norman Vincent",428
1567683,"McMullan, Tim",429
1568167,"McNairy, Scoot",430
1568788,"McNeal, James 'Pistol'",431
1570916,"McRobbie, Peter",432
1570984,"McShane, Ian",433
1571269,"McTavish, Graham",434
1579245,"Melamed, Fred",435
1583357,"Mendelsohn, Ben",436
1583475,"Mendenhall, Eric",437
1592492,"Messina, Chris",438
1594662,"Mexted, Glen",439
1598978,"Michaelson, Henry",440
1603303,"Mihok, Dash",441
1604521,"Mikkelsen, Mads",442
1608342,"Miller, Brendan",443
1609391,"Miller, Ezra",444
1610428,"Miller, Jonny Lee",445
1614638,"Milne, Gordon",446
1614672,"Milne, Matt",447
1615038,"Milord, Denver",448
1616543,"Mincks, Aedin",449
1623218,"Mitchell, E. Roger",450
1627170,"Mizrahi, Blake",451
1628008,"Mngadi, Andile",452
1629310,"Modine, Matthew",453
1630874,"Mohamed, Elsayed",454
1643894,"Moodie, Andrew",455
1647682,"Moore, Rich",456
1662692,"Morrissey, Robin",457
1666133,"Moskov, Alexander",458
1671081,"Moya-Smith, Sandino",459
1672665,"Mucci, Adam",460
1684953,"Murray, Bill",461
1694078,"M繹hring, S繹nke",462
1699917,"Naito, Jun",463
1704527,"Naranjo, Alejandro",464
1711004,"Nayyar, Kunal",465
1713855,"Neeson, Liam",466
1715129,"Neill, Sam",467
1717996,"Nelson, Tim Blake",468
1718024,"Nelson, Tommy",469
1719247,"Nero, Franco",470
1719373,"Nervies, Nick",471
1719528,"Nesbitt, James",472
1726824,"Nguyen, Long",473
1728125,"Nicholas, Thomas Ian",474
1733731,"Nighy, Bill",475
1734325,"Nikiforov, Kirill",476
1744736,"Norman, Alvin",477
1745510,"Norris, Chuck",478
1746611,"Norton, Edward",479
1749756,"Nowicki, Adam",480
1757397,"O'Connell, Jack",481
1759895,"O'Gorman, Dean",482
1759985,"O'Grady, Kevin",483
1762160,"O'Neil, James Joseph",484
1762374,"O'Neill, Callum",485
1762410,"O'Neill, Conor",486
1762476,"O'Neill, Ed",487
1765915,"Obi, Chris",488
1766670,"Ocasio, Cameron",489
1769174,"Offerman, Nick",490
1775130,"Oldman, Gary",491
1784007,"Oparei, Deobia",492
1788771,"Orser, Leland",493
1790248,"Ortiz, John",494
1798658,"Owen, Chris",495
1800355,"Oyelowo, David",496
1802174,"Pace, Lee",497
1826434,"Parnell, Chris",498
1834777,"Patrick, Robert",499
1836442,"Pattinson, Robert",500
1841266,"Payne, Dan",501
1843196,"Pearce, Guy",502
1850125,"Pemberton, Johnny",503
1850846,"Pendergast, Oaklee",504
1860385,"Perrineau, Harold",505
1862127,"Persi, Raymond S.",506
1863506,"Pessoa, Andy",507
1871749,"Pe簽a, Michael",508
1874974,"Phillips, Chad",509
1876686,"Philmar, Philip",510
1885371,"Pine, Chris",511
1885398,"Pine, Larry",512
1890550,"Pitt, Michael",513
1891634,"Pizza, Angelo Anthony",514
1893440,"Platt, Ben",515
1894204,"Plemons, Jesse",516
1898718,"Polat, Mehmet",517
1912675,"Powell, Grant",518
1924621,"Proctor, Tom",519
1926346,"Provo, Nykeem",520
1931677,"Purcell, Steve",521
1931940,"Purefoy, James",522
1945255,"Radcliffe, Daniel",523
1953906,"Ramanan, Amarendran",524
1958619,"Ram穩rez, Edgar",525
1961840,"Ransone, James",526
1962003,"Ranthe, Lars",527
1962507,"Rapace, Ola",528
1963476,"Rasche, David",529
1965431,"Rathbone, Jackson",530
1966257,"Ratzenberger, John",531
1970102,"Raymond-James, Michael",532
1974753,"Redmayne, Eddie",533
1975307,"Reece, Arkie",534
1978723,"Regan, Vincent",535
1980775,"Reid, Jesse",536
1981867,"Reilly, John C.",537
1984735,"Remar, James",538
1986616,"Renner, Jeremy",539
1991360,"Reyes, Juan",540
1992283,"Reynolds, Anthony",541
1993218,"Reynolds, Ryan",542
1995332,"Riach, Ralph",543
1996289,"Ribisi, Giovanni",544
1996678,"Riccardi, Emilio",545
2003929,"Rider, Stephen",546
2006056,"Riggle, Rob",547
2007595,"Riley, Rob",548
2007605,"Riley, Robert Christopher",549
2008014,"Rimmer, Shane",550
2016523,"Robb, Andy",551
2028460,"Rockwell, Sam",552
2038852,"Rohr, Tony",553
2058179,"Rotibi, Sammi",554
2066514,"Rudd, Paul",555
2068022,"Ruffalo, Mark",556
2072147,"Rush, Gabriel",557
2073058,"Russell, Alex",558
2073998,"Russell, Matthew",559
2074853,"Russo, James",560
2076236,"Ruttan, John Paul",561
2081594,"R繪nholt, S繪ren",562
2083234,"Sabara, Daryl",563
2090280,"Saito, James",564
2099855,"Samberg, Andy",565
2107128,"Sandler, Adam",566
2114688,"Sanz, Horatio",567
2117082,"Sari, Saruhan",568
2118073,"Sarning, Sebastian Bull",569
2124378,"Savini, Tom",570
2125841,"Sawyers, Parker",571
2131994,"Scheirer, Jesse",572
2137041,"Schmidt, Charlie E.",573
2147914,"Schwartzman, Jason",574
2148270,"Schwarzenegger, Arnold",575
2148452,"Schweiger, Til",576
2151569,"Scott, Campbell",577
2153800,"Scott, Seann William",578
2159437,"Segan, Noah",579
2167663,"Serbedzija, Rade",580
2178511,"Shannon, Michael",581
2179149,"Shapiro, Rick",582
2180807,"Sharma, Suraj",583
2184185,"Shea, Dan",584
2185213,"Sheen, Martin",585
2185215,"Sheen, Michael",586
2185697,"Sheikh, Andreas",587
2185813,"Sheikh, Wahab",588
2187785,"Shepard, Sam",589
2190120,"Sherrod, Will",590
2199159,"Shuan, Hana",591
2205625,"Sikora, Joseph",592
2211352,"Simmons, Johnny",593
2220797,"Siow, Derek",594
2223111,"Sivakumar, Vibish",595
2223650,"Sizov, Vladimir",596
2224503,"Skarsg疇rd, Alexander",597
2224507,"Skarsg疇rd, Stellan",598
2225065,"Skerritt, Tom",599
2226491,"Skolimowski, Jerzy",600
2230432,"Sloan, Cle",601
2233088,"Smiff, C.C.",602
2233097,"Smigel, Robert",603
2233286,"Smiley, Tavis",604
2237190,"Smith, Dylan",605
2244721,"Smith, Will",606
2245195,"Smitrovich, Bill",607
2248449,"Snyders, Travis",608
2253557,"Solomon, Jonny",609
2263200,"Spade, David",610
2263239,"Spader, James",611
2263667,"Spall, Rafe",612
2265919,"Speedman, Scott",613
2266799,"Spencer, Chaske",614
2271736,"Spruell, Sam",615
2274968,"Stack, Brian",616
2276804,"Stallone, Sylvester",617
2279659,"Stanton, Harry Dean",618
2282273,"Statham, Jason",619
2284788,"Steen, David",620
2296388,"Stewart, Patrick",621
2296956,"Steyn, Shane",622
2298012,"Stillwell, Kevin",623
2299943,"Stoffels, Royston",624
2301046,"Stoll, Corey",625
2304308,"Stott, Ken",626
2306427,"Strathairn, David",627
2309848,"Strong, Jeremy",628
2309924,"Strong, Mark",629
2312385,"Stuhlbarg, Michael",630
2312998,"Sturgess, Jim",631
2321585,"Sundberg, Jan Roland",632
2321588,"Sundberg, Johan",633
2322298,"Sunjata, Daniel",634
2330265,"Sweeney, D.B.",635
2334777,"Szarabajka, Keith",636
2350347,"Tandon, Ayush",637
2354656,"Tarnol, Brent",638
2357002,"Tatum, Channing",639
2360303,"Taylor, Harry",640
2360960,"Taylor, Joseph Lyle",641
2361815,"Taylor, Noah",642
2366508,"Teller, Miles",643
2367279,"Temple, Lew",644
2368819,"Tepina, Aliash",645
2376256,"Therriault, Michael",646
2379576,"Thomas, Eddie Kaye",647
2384110,"Thompson, Fred Dalton",648
2387069,"Thongruang, La-Orng",649
2387270,"Thorell, Clarke",650
2388647,"Thorsen, Troels",651
2398415,"Tobin, William",652
2401571,"Tolin, Tim",653
2403268,"Tomei, Adam",654
2412151,"Touliatos, George",655
2415190,"Trainor, Mackenzie",656
2430138,"Tucci, Stanley",657
2430465,"Tucker, Chris",658
2431360,"Tudyk, Alan",659
2431742,"Tui, John",660
2432822,"Tuncelli, Murat",661
2435049,"Turner, Aidan",662
2437399,"Turton, Kett",663
2438352,"Tveit, Aaron",664
2439765,"Tyler, Luke",665
2448581,"Urban, Karl",666
2460994,"Van Damme, Jean-Claude",667
2464998,"Van Hook, Craig",668
2466187,"van Niekerk, Bryan",669
2467472,"van Temperley, Ian",670
2468449,"Van, Alex",671
2492337,"Viener, John",672
2500678,"Viruet, Michael",673
2515875,"Wagenseller, Billy",674
2517502,"Wahlberg, Mark",675
2520386,"Walken, Christopher",676
2527165,"Walsh, Matt",677
2529177,"Walton, Patrick John",678
2529323,"Waltz, Christoph",679
2532373,"Warburton, Patrick",680
2537865,"Washington, Denzel",681
2545450,"Weaving, Hugo",682
2555127,"Welliver, Titus",683
2559934,"West, Dominic",684
2565058,"Whigham, Shea",685
2565240,"Whishaw, Ben",686
2566215,"White, Brian",687
2570229,"Whitford, Bradley",688
2572063,"Whyte, Ian",689
2577112,"Wilding, Spencer",690
2578122,"Wilkens, Leequwid 'Devil'",691
2578900,"Wilkinson, Colm",692
2584200,"Williams, Jesse",693
2589137,"Willis, Bruce",694
2593928,"Wilson, Noel",695
2593997,"Wilson, Patrick",696
2598234,"Winstone, Ray",697
2604322,"Wolfe, Jeff",698
2606427,"Wong, Benedict",699
2607550,"Wong, Stanley",700
2608530,"Wood, Cody",701
2608703,"Wood, Elijah",702
2610078,"Woodbine, Bokeem",703
2610304,"Woodeson, Nicholas",704
2614360,"Worthington, Sam",705
2618541,"Wu, Paul",706
2618582,"Wu, Robert",707
2619503,"Wuttke, Martin",708
2621608,"Xandau, Porteus",709
2633949,"Yildirim, Ali",710
2637077,"Yoshida, Joji",711
2639790,"Young, Keone",712
2663414,"Zlatarev, George",713
2664498,Zone,714
2668308,"Zylka, Chris",715
2673542,"Aaron, Caroline",716
2677740,"Acker, Amy",717
2684689,"Agustin, Tracey",718
2686409,"Ainger, Indira",719
2704407,"Ames, Lindsay",720
2713421,"Angelo, Susan",721
2725433,"Arnezeder, Nora",722
2726883,"Arrington, Sara",723
2728898,"Asbille, Kelsey",724
2736817,"Avery, Shondrella",725
2738670,"Ayola, Rakie",726
2742691,"Bae, Doona",727
2744704,"Bailey, Nicole",728
2752128,"Banks, Elizabeth",729
2756427,"Barker, Lucy May",730
2756468,"Barker, Peigi",731
2756644,"Barks, Samantha",732
2757866,"Barnett, Shannon",733
2761420,"Barth, Jessica",734
2763761,"Bassett, Angela",735
2763860,"Bassham, Marianna",736
2771803,"Beckinsale, Kate",737
2772539,"Bee, Brea",738
2773537,"Behar, Joy",739
2777938,"Beltran, Victoria",740
2780313,"Benko, Tina",741
2786709,"Bernard, Rukiya",742
2788117,"Berry, Halle",743
2793915,"Biel, Jessica",744
2798021,"Bish矇, Kerry",745
2802538,"Blanchett, Cate",746
2803256,"Blanton, Kirby Bliss",747
2805476,"Bloom, Nichole",748
2806475,"Blunt, Emily",749
2812700,"Bonham Carter, Helena",750
2816935,"Borstein, Alex",751
2821340,"Bowden, Katrina",752
2822329,"Bowman, Raiko",753
2831037,"Breschi, Emma",754
2834897,"Broad, Lindsey",755
2841665,"Brown, Sonnie",756
2842376,"Brownes, Dominique",757
2849822,"Bundy, Bruce",758
2851371,"Burgio, Danielle",759
2856331,"Butler, Josephine",760
2857888,"Byrd, Toni",761
2863686,"Califano, Nicole",762
2864200,"Callaway, Emily Marie",763
2866616,"Camp, Anna",764
2872081,"Cappellaro, Susanna",765
2877678,"Carpenter, Charisma",766
2877780,"Carpenter, Kathryn",767
2881554,"Carter, Sarah",768
2889854,"Cayouette, Laura",769
2897830,"Chaplin, Geraldine",770
2900375,"Chastain, Jessica",771
2913035,"Chun, Yohan",772
2919707,"Clay, Linda Bright",773
2920600,"Clements, Jill Jane",774
2923023,"Cobrin, Ali",775
2926471,"Cole, Lily",776
2927054,"Coleman, Kari",777
2929133,"Collins, Lynn",778
2932918,"Connolly, Kristen",779
2936052,"Coolidge, Jennifer",780
2940007,"Cornish, Abbie",781
2943512,"Cotillard, Marion",782
2950179,"Crewson, Wendy",783
2951384,"Crofford, Lynita",784
2959051,"Cusack, Sin矇ad",785
2974089,"Davidtz, Embeth",786
2987679,"Dean, Ester",787
2989315,"Decker, Brooklyn",788
2997794,"Dench, Judi",789
3006570,Diamonique,790
3007891,"DiCaprio, Dominique",791
3008298,"Dickie, Kate",792
3012677,"Disher, Karen",793
3015152,"Dobrev, Nina",794
3023791,"Dover, Jenna",795
3026553,"Drescher, Fran",796
3028564,"du Toit, Elize",797
3031903,"Dulany, Caitlin",798
3037206,"DuVall, Clea",799
3045893,"Ehle, Jennifer",800
3050096,"Elizabeth, Shannon",801
3063695,"Etura, Marta",802
3065775,"Eve, Alice",803
3072768,"Farmiga, Vera",804
3074109,"Fast, Alexia",805
3079813,"Ferland, Jodelle",806
3083029,"Ferrera, America",807
3084884,"Field, Sally",808
3091504,Flakiss,809
3096409,"Foley, Clare",810
3099358,"Forester, Nicole",811
3102453,"Fourmy, Caroline",812
3104148,"Foy, Mackenzie",813
3107679,"Frary, Aja",814
3107812,"Fraser, Eilidh",815
3121934,"Galicia, Nichole",816
3130528,"Garner, Julia",817
3137039,"Gelman, Kimiko",818
3152395,"Glover, Miriam F.",819
3157838,"Gomez, Selena",820
3160982,"Goode, Elena",821
3162091,"Goossen, Jeananne",822
3164627,"Gotobed, Hattie",823
3165625,"Gourrier, Dana",824
3166697,"Grace, Maggie",825
3172865,"Green, Eva",826
3174003,"Greene, Ashley",827
3177575,"Griffis, Rhoda",828
3182072,"Gr疇b繪l, Josefine",829
3203800,"Handler, Chelsea",830
3205091,"Hannigan, Alyson",831
3209563,"Harmon, Molly",832
3212062,"Harris, Naomie",833
3212152,"Harris, Rachael",834
3212201,"Harris, Rosemary",835
3213020,"Harrison, Nicola",836
3217089,"Hassing, Anne Louise",837
3217723,"Hathaway, Anne",838
3222154,"Hayward, Kara",839
3222907,"Headey, Lena",840
3223753,"Heathcote, Bella",841
3243241,"Hinshaw, Ashley",842
3252965,"Homa, Nazanin",843
3256024,"Horn, Cody",844
3270240,"Hutchinson, Lucy",845
3270319,"Hutchison, Anna",846
3280190,"Irvin, Britt",847
3286002,"Jackson, Dawn",848
3290065,"Jakle, Kelley",849
3291430,"James, Lily",850
3294140,"Janssen, Famke",851
3303735,"Jindachote, Ploy",852
3305349,"Johansson, Scarlett",853
3313792,"Jones, Norah",854
3325980,"Kaling, Mindy",855
3346077,"Kemper, Ellie",856
3346548,"Kendrick, Anna",857
3359536,"Kinghorn, Sally",858
3367336,"Knapp, Alexis",859
3368884,"Knowles, Eden",860
3374947,"Konsaman, Karun",861
3378693,"Kotch, Danielle",862
3390091,"Kunis, Mila",863
3393036,"Kvinesdal, Jytte",864
3398647,"Lafferty, Sandra Ellis",865
3406589,"Lange, Jessica",866
3410664,"Larson, Brie",867
3416438,"Lawrence, Jennifer",868
3423355,"Lee, Hana Mae",869
3426241,"Leeb, Kaitlyn",870
3428974,"Leigh, Victoria",871
3437436,"Lewarne, Prue",872
3449631,"Lisinska, Natalie",873
3459344,"Lopez, Jennifer",874
3464545,"Lovince, Nicole",875
3468232,"Lue, LinLyn",876
3468309,Luenell,877
3473453,"Lynch, Jane",878
3474691,"Lynskey, Melanie",879
3474876,"Lyonne, Natasha",880
3478935,"Macdonald, Kelly",881
3490609,"Malcomson, Paula",882
3493199,"Malthe, Natassia",883
3506406,"Marks, Hannah",884
3506964,"Marlohe, B矇r矇nice",885
3513910,"Martinez, Natalie",886
3517034,"Marzano, Christine",887
3518156,"Maslany, Tatiana",888
3519103,"Massar, Maya",889
3529752,"McAdams, Rachel",890
3532943,"McClurg, Edie",891
3534365,"McCrory, Helen",892
3535956,"McDormand, Frances",893
3543886,"McNamee, Jessica",894
3546255,"Meck, Patsy",895
3552319,"Mendes, Eva",896
3555392,"Merediz, Olga",897
3570820,"Minaj, Nicki",898
3580489,"Mokgapa, Shoki",899
3593934,"Moretz, Chlo禱 Grace",900
3594946,"Morgan, Mishael",901
3597358,"Morris, Heather",902
3599417,"Morton, Samantha",903
3609002,"Murphy, Donna",904
3641147,"Nixon, Pippa",905
3642280,"Noel, Nikolette",906
3643071,"Nolan, Miranda",907
3666311,"Ooms, Amanda",908
3670512,"Osborne, Alexia",909
3681793,"Paltrow, Gwyneth",910
3701788,"Pelletier-Sullivan, Cynthia",911
3703456,Penny,912
3704115,"Perabo, Piper",913
3709320,"Pesic, Kristina",914
3710399,"Petersen, Bo",915
3714263,"Pfeiffer, Michelle",916
3717268,"Picart, Delilah",917
3719938,"Pike, Rosamund",918
3726395,"Plumb, Shannon",919
3749630,Queen Latifah,920
3756422,"Raine, Jessica",921
3757787,"Ramachandran, Padmini",922
3758505,"Ramirez, Dania",923
3762381,"Rapace, Noomi",924
3762405,"Rapaport, Alexandra",925
3767477,"Reaser, Elizabeth",926
3769779,"Reed, Nikki",927
3771114,"Regency Boies, Mary",928
3771367,"Regner, Shelley",929
3772491,"Reid, Tara",930
3772889,"Reilly, Kelly",931
3777372,"Reuben, Gloria",932
3786508,Rihanna,933
3792942,"Roberts, Crystal-Donna",934
3794828,"Robinson Peete, Holly",935
3812689,"Ross, Liberty",936
3824355,"Rustagi, Rashmi",937
3826696,"Rylance, Juliet",938
3830715,"Sae-Limh, Jomjaoi",939
3832439,"Sainath, Shravanthi",940
3842029,"Sandler, Jackie",941
3842050,"Sandler, Sadie",942
3846866,"Sara, Cathy",943
3847242,"Sarandon, Susan",944
3851572,"Savasta, Leela",945
3854789,"Schaefer, Julie Marie",946
3854791,"Schaefer, Justine Nicole",947
3856676,"Scherzinger, Nicole",948
3867546,"Scott, Stefanie",949
3877946,"Seyfried, Amanda",950
3880831,"Shannon, Molly",951
3887423,"Sherwin, Nicole",952
3888257,"Shields, Willow",953
3890442,"Shirley, Ray",954
3891494,"Shorey, Emma",955
3894132,"Sidibe, Gabourey",956
3897586,"Silverman, Sarah",957
3902508,"Singh, M'laah Kaur",958
3905764,"Skarsten, Rachel",959
3916648,"Smulders, Cobie",960
3917541,"Snow, Brittany",961
3925013,"Sotiropoulou, Tonia",962
3928677,"Spencer, Abigail",963
3945132,"Stewart, Kristen",964
3946039,"Stiles, Julia",965
3946574,"Stirling, Rachael",966
3946978,"Stockley, Mary",967
3948332,"Stone, Emma",968
3953908,"Stuckey, Sophie",969
3957238,"Suliaman, Nadine",970
3962035,"Suvari, Mena",971
3965821,"Swinton, Tilda",972
3970875,Tabu,973
3990819,"Theron, Charlize",974
3991614,"Thirlby, Olivia",975
3994488,"Thompson, Emma",976
3995648,"Thoms, Tracie",977
3998571,"Tierney, Emily",978
4008586,"Torsney-Weir, Maureen",979
4019687,Tula,980
4020220,"Tunie, Tamara",981
4040798,"Vandervoort, Laura",982
4047226,"Velazquez, Nadine",983
4058075,"Vint, Angela",984
4070198,"Walker, Amanda",985
4071250,"Walker, Polly",986
4071617,"Walker-Reid, Ellisa",987
4073148,"Walmsley, Wanetah",988
4073463,"Walsh, Kate",989
4074148,"Walters, Julie",990
4079049,"Washington, Kerry",991
4079256,"Wasikowska, Mia",992
4080909,"Watson, Emma",993
4081851,"Watts, Naomi",994
4082703,"Weaver, Jacki",995
4084339,"Wedderkopp, Annika",996
4086941,"Weisz, Rachel",997
4102362,"Williams, Cheryl",998
4108645,"Wilson, Rebel",999
4112582,"Witherspoon, Reese",1000
4113679,"Wold, Susse",1001
4116391,"Wood, Anna",1002
4117043,"Wood, Rachel",1003
4124230,"Xu, Qing",1004
4126585,"Yanagisawa, Boni",1005
4132182,"Yorks, Julia",1006
4135323,"Yu, Nan",1007
4140207,"Zappala, Janet",1008
4143353,"Zhang, Chelsea",1009
4144396,"Zhou, Xun",1010
